{
  "ABC": {
    "accuracy_mean": 0.9709027777777777,
    "accuracy_std": 0.016315602384614526,
    "f1_mean": 0.9489363282468991,
    "f1_std": 0.02922998933430354,
    "latency_mean": 1.8843507612185428,
    "latency_std": 0.3746293972340965,
    "n_trials": 240
  },
  "ACO": {
    "accuracy_mean": 0.9676388888888888,
    "accuracy_std": 0.017386647885413616,
    "f1_mean": 0.9427507449629061,
    "f1_std": 0.031636115643210075,
    "latency_mean": 1.8877989850063952,
    "latency_std": 0.3800983469949011,
    "n_trials": 240
  },
  "Baseline": {
    "accuracy_mean": 0.9257638888888889,
    "accuracy_std": 0.025184408603904022,
    "f1_mean": 0.8583644832062431,
    "f1_std": 0.05070146013792245,
    "latency_mean": 1.9077335284686512,
    "latency_std": 0.43034913396488267,
    "n_trials": 240
  },
  "Hybrid": {
    "accuracy_mean": 0.9808333333333332,
    "accuracy_std": 0.01333333333333334,
    "f1_mean": 0.9671831164520125,
    "f1_std": 0.022522847093164947,
    "latency_mean": 1.891506920784665,
    "latency_std": 0.37069468669406774,
    "n_trials": 240
  },
  "PSO": {
    "accuracy_mean": 0.9615277777777778,
    "accuracy_std": 0.018483705703759994,
    "f1_mean": 0.9309164972458992,
    "f1_std": 0.03484424108983782,
    "latency_mean": 1.894544780822315,
    "latency_std": 0.3882731563853248,
    "n_trials": 240
  }
}